[{
    "type": "variance",
    "sub-title": "blah",
    "functions": [
        {"name": "Standard Deviation", "func_name": "std_dev"},
        {"name": "Coefficent_of_Variation", "func_name": "std_var"},
        {"name": "target_semideviation", "func_name": "etc"}
    ]
},
{
    "type": "probability",
    "sub-title": "blah",
    "functions": [
        {"name": "Odds for E", "func_name": "odds_for_e"},
        {"name": "Standard Variance", "func_name": "std_var"},
        {"name": "Etc", "func_name": "etc"}
    ]
},
{
    "type": "variance",
    "sub-title": "blah",
    "functions": [
        {"name": "Standard Deviation", "func_name": "std_dev"},
        {"name": "Standard Variance", "func_name": "std_var"},
        {"name": "Etc", "func_name": "etc"}
    ]
},
{
    "type": "Means",
    "sub-title": "blah",
    "functions": [
        {"name": "Geometric", "func_name": "std_dev"},
        {"name": "Arthmetic", "func_name": "std_var"},
        {"name": "Harmonic", "func_name": "etc"},
        {"name": "Winsorized", "func_name": "etc"},
        {"name": "Trimmed", "func_name": "etc"}
    ]
},
{
    "type": "Distribution",
    "sub-title": "blah",
    "functions": [
        {"name": "Quartiles", "func_name": "std_dev"},
        {"name": "Kurtosis", "func_name": "std_var"},
        {"name": "Box Wisker", "func_name": "etc"}
    ]
}]